ticker,symbol,company_name,entry_date,entry_price,qty,exit_date,exit_price,exit_reason,pnl,pnl_pct,holding_days,year
BEL.NS,BEL,Bharat Electronics Ltd.,2023-09-18,136.64962768554688,2459,2023-09-21,133.27152276166558,Stop Loss Hit,-8306.760007824105,-2.472092299918202,3,2023
ONGC.NS,ONGC,Oil & Natural Gas Corporation Ltd.,2023-09-01,156.68212890625,1950,2023-10-03,159.40984186406934,Stop Loss Hit,5319.040267747704,1.7409215568237837,32,2023
EICHERMOT.NS,EICHERMOT,Eicher Motors Ltd.,2023-09-26,3355.008544921875,99,2023-10-03,3297.912348059928,Stop Loss Hit,-5652.523489332772,-1.7018197151350845,7,2023
BAJAJFINSV.NS,BAJAJFINSV,Bajaj Finserv Ltd.,2023-10-06,1631.4317626953125,120,2023-10-19,1596.1556203526657,Stop Loss Hit,-4233.13708111762,-2.1622812028844285,13,2023
NESTLEIND.NS,NESTLEIND,Nestle India Ltd.,2023-10-04,1111.2244873046875,297,2023-10-20,1177.8979565429686,Target Hit (1:2 RR),19802.020363769483,5.999999999999985,16,2023
CIPLA.NS,CIPLA,Cipla Ltd.,2023-10-18,1176.6947021484375,281,2023-10-23,1154.1699074104856,Stop Loss Hit,-6329.467321364478,-1.9142428955297892,5,2023
M&M.NS,M&M,Mahindra & Mahindra Ltd.,2023-10-23,1525.3709716796875,218,2023-10-26,1524.0896781084193,Stop Loss Hit,-279.32199853646307,-0.08399881701283862,3,2023
SHRIRAMFIN.NS,SHRIRAMFIN,Shriram Finance Ltd.,2023-10-27,369.1489562988281,821,2023-10-30,356.9768783569336,Stop Loss Hit,-9993.27599029542,-3.29733505518601,3,2023
MARUTI.NS,MARUTI,Maruti Suzuki India Ltd.,2023-10-27,10246.953125,32,2023-10-31,10208.310440231564,Stop Loss Hit,-1236.5659125899547,-0.3771139020257408,4,2023
M&M.NS,M&M,Mahindra & Mahindra Ltd.,2023-11-09,1512.603759765625,221,2023-11-13,1477.4967842253477,Stop Loss Hit,-7758.641594401281,-2.3209631282231538,4,2023
APOLLOHOSP.NS,APOLLOHOSP,Apollo Hospitals Enterprise Ltd.,2023-11-03,5114.08056640625,51,2023-11-20,5497.652050781249,Target Hit (1:2 RR),19562.145703124963,7.500301948597212,17,2023
BAJAJFINSV.NS,BAJAJFINSV,Bajaj Finserv Ltd.,2023-11-16,1617.459228515625,86,2023-11-20,1586.2975523487444,Stop Loss Hit,-2679.9041503517337,-1.9265818647854465,4,2023
ETERNAL.NS,ETERNAL,Eternal Ltd.,2023-11-03,116.5,1298,2023-11-21,116.40279639504169,Stop Loss Hit,-126.17027923588586,-0.08343657077966489,18,2023
ADANIPORTS.NS,ADANIPORTS,Adani Ports and Special Economic Zone Ltd.,2023-11-28,826.5990600585938,273,2023-12-05,900.0575744628907,Target Hit (1:2 RR),20054.17443237306,8.886837398422614,7,2023
INFY.NS,INFY,Infosys Ltd.,2023-11-15,1299.8367919921875,253,2023-12-11,1377.826999511719,Target Hit (1:2 RR),19731.522502441443,6.000000000000011,26,2023
ETERNAL.NS,ETERNAL,Eternal Ltd.,2023-11-30,118.55000305175781,2826,2023-12-12,117.32731548042754,Stop Loss Hit,-3455.3150765793403,-1.0313686544541505,12,2023
NESTLEIND.NS,NESTLEIND,Nestle India Ltd.,2023-11-30,1178.45849609375,6,2023-12-15,1194.7926752819085,Stop Loss Hit,98.00507512895092,1.3860631700056965,15,2023
INFY.NS,INFY,Infosys Ltd.,2023-12-14,1383.651123046875,249,2023-12-18,1466.6701904296874,Target Hit (1:2 RR),20671.74777832029,5.999999999999994,4,2023
ITC.NS,ITC,ITC Ltd.,2023-12-01,386.08758544921875,4,2023-12-20,386.5174245202193,Stop Loss Hit,1.7193562840022878,0.1113320104557228,19,2023
SHRIRAMFIN.NS,SHRIRAMFIN,Shriram Finance Ltd.,2023-12-14,408.1300048828125,522,2023-12-20,390.541106258714,Stop Loss Hit,-9181.405081779405,-4.309631346303202,6,2023
NESTLEIND.NS,NESTLEIND,Nestle India Ltd.,2023-12-19,1239.4111328125,241,2024-01-01,1326.41357421875,Target Hit (1:2 RR),20967.58837890625,7.019659506270698,13,2024
JIOFIN.NS,JIOFIN,Jio Financial Services Ltd.,2024-01-04,240.4610137939453,1479,2024-01-12,254.88867462158203,Target Hit (1:2 RR),21338.5103640747,5.999999999999998,8,2024
TECHM.NS,TECHM,Tech Mahindra Ltd.,2024-01-12,1205.7001953125,291,2024-01-15,1280.260876464844,Target Hit (1:2 RR),21697.158215332085,6.184015018179448,3,2024
TCS.NS,TCS,Tata Consultancy Services Ltd.,2024-01-12,3548.308349609375,102,2024-01-25,3486.8106201691103,Stop Loss Hit,-6272.7684029070015,-1.7331562925481059,13,2024
DRREDDY.NS,DRREDDY,Dr. Reddy's Laboratories Ltd.,2024-01-24,1158.727294921875,321,2024-01-29,1128.1406300709934,Stop Loss Hit,-9818.319417132981,-2.639677600150414,5,2024
GRASIM.NS,GRASIM,Grasim Industries Ltd.,2024-02-09,2145.6845703125,160,2024-02-13,2082.463452232316,Stop Loss Hit,-10115.378892829467,-2.9464311276180064,4,2024
INFY.NS,INFY,Infosys Ltd.,2024-01-12,1486.21875,168,2024-02-14,1526.8423178865023,Stop Loss Hit,6824.759404932389,2.733350516974861,33,2024
JSWSTEEL.NS,JSWSTEEL,JSW Steel Ltd.,2024-03-01,822.74658203125,442,2024-03-05,805.008885383077,Stop Loss Hit,-7840.061918492478,-2.1559125295155956,4,2024
SHRIRAMFIN.NS,SHRIRAMFIN,Shriram Finance Ltd.,2024-02-29,471.8435363769531,770,2024-03-06,464.14247625627166,Stop Loss Hit,-5929.8162929247255,-1.6321215672072125,6,2024
JSWSTEEL.NS,JSWSTEEL,JSW Steel Ltd.,2024-03-07,816.6463012695312,443,2024-03-12,806.7750889436891,Stop Loss Hit,-4372.947060348086,-1.2087500195000849,5,2024
TATASTEEL.NS,TATASTEEL,Tata Steel Ltd.,2024-03-01,140.73638916015625,1585,2024-03-13,138.11036429271388,Stop Loss Hit,-4162.249414896153,-1.865917466771145,12,2024
INDIGO.NS,INDIGO,InterGlobe Aviation Ltd.,2024-03-11,3213.1201171875,110,2024-03-13,3131.554065348895,Stop Loss Hit,-8972.265702246532,-2.538531049688893,2,2024
ITC.NS,ITC,ITC Ltd.,2024-03-13,368.1454772949219,910,2024-03-19,361.19056980648804,Stop Loss Hit,-6328.965814474787,-1.8891736874067981,6,2024
TATASTEEL.NS,TATASTEEL,Tata Steel Ltd.,2024-03-18,140.5017547607422,1943,2024-03-20,137.53927689065986,Stop Loss Hit,-5756.094501569956,-2.1084988405497653,2,2024
MARUTI.NS,MARUTI,Maruti Suzuki India Ltd.,2024-03-15,11135.69140625,31,2024-03-22,11803.832890624999,Target Hit (1:2 RR),20712.38601562497,5.999999999999991,7,2024
SHRIRAMFIN.NS,SHRIRAMFIN,Shriram Finance Ltd.,2024-03-27,461.7337341308594,773,2024-04-03,489.43775817871096,Target Hit (1:2 RR),21415.210588989277,6.000000000000006,7,2024
EICHERMOT.NS,EICHERMOT,Eicher Motors Ltd.,2024-03-20,3742.91455078125,94,2024-04-08,3967.489423828125,Target Hit (1:2 RR),21110.038066406243,5.999999999999998,19,2024
BAJAJFINSV.NS,BAJAJFINSV,Bajaj Finserv Ltd.,2024-03-28,1640.613525390625,153,2024-04-16,1643.1018509921428,Stop Loss Hit,380.71381703221914,0.15167043078748904,19,2024
POWERGRID.NS,POWERGRID,Power Grid Corporation of India Ltd.,2024-04-18,262.12646484375,1406,2024-04-30,277.854052734375,Target Hit (1:2 RR),22112.988574218733,5.999999999999996,12,2024
BHARTIARTL.NS,BHARTIARTL,Bharti Airtel Ltd.,2024-04-18,1232.7847900390625,256,2024-05-03,1245.0182627734132,Stop Loss Hit,3131.769019993779,0.9923445546373965,15,2024
ONGC.NS,ONGC,Oil & Natural Gas Corporation Ltd.,2024-04-15,252.1095428466797,960,2024-05-06,250.15082186539973,Stop Loss Hit,-1880.3721420287548,-0.7769325028966271,21,2024
DRREDDY.NS,DRREDDY,Dr. Reddy's Laboratories Ltd.,2024-04-25,1220.893310546875,57,2024-05-08,1214.6266299987822,Stop Loss Hit,-357.20079124129165,-0.513286500462993,13,2024
CIPLA.NS,CIPLA,Cipla Ltd.,2024-05-13,1375.02978515625,274,2024-05-14,1333.7788916015625,Stop Loss Hit,-11302.744833984385,-3.0000000000000027,1,2024
ADANIENT.NS,ADANIENT,Adani Enterprises Ltd.,2024-05-14,3033.501953125,123,2024-05-16,2985.1020595076634,Stop Loss Hit,-5953.186914932402,-1.5955121956482292,2,2024
CIPLA.NS,CIPLA,Cipla Ltd.,2024-05-15,1367.302490234375,274,2024-05-17,1358.9462418120952,Stop Loss Hit,-2289.6120677046665,-0.6111484826483001,2,2024
POWERGRID.NS,POWERGRID,Power Grid Corporation of India Ltd.,2024-06-03,315.9835510253906,476,2024-06-04,292.5971313476563,Stop Loss Hit,-11131.935766601551,-7.40115097822138,1,2024
NTPC.NS,NTPC,NTPC Ltd.,2024-06-03,369.513427734375,411,2024-06-04,342.40589294433596,Stop Loss Hit,-11141.196798706045,-7.336008046106869,1,2024
SHRIRAMFIN.NS,SHRIRAMFIN,Shriram Finance Ltd.,2024-06-03,485.4942321777344,458,2024-06-04,461.19439392089845,Stop Loss Hit,-11129.325921630854,-5.005175478158927,1,2024
HINDALCO.NS,HINDALCO,Hindalco Industries Ltd.,2024-06-05,682.693115234375,388,2024-06-19,661.8560033754057,Stop Loss Hit,-8084.79940128007,-3.05219305629231,14,2024
NESTLEIND.NS,NESTLEIND,Nestle India Ltd.,2024-06-05,1223.8341064453125,294,2024-06-20,1220.0188495189966,Stop Loss Hit,-1121.6855363368736,-0.31174624944858753,15,2024
ONGC.NS,ONGC,Oil & Natural Gas Corporation Ltd.,2024-06-11,246.43402099609375,3,2024-06-20,243.28802044942512,Stop Loss Hit,-9.438001640005893,-1.2766096718108977,9,2024
AXISBANK.NS,AXISBANK,Axis Bank Ltd.,2024-06-05,1181.66455078125,294,2024-06-25,1252.5644238281252,Target Hit (1:2 RR),20844.562675781308,6.000000000000017,20,2024
BHARTIARTL.NS,BHARTIARTL,Bharti Airtel Ltd.,2024-06-21,1379.17041015625,262,2024-06-28,1461.920634765625,Target Hit (1:2 RR),21680.558847656244,5.999999999999998,7,2024
ASIANPAINT.NS,ASIANPAINT,Asian Paints Ltd.,2024-07-10,2933.9033203125,117,2024-07-18,2875.0031406962225,Stop Loss Hit,-6891.321015104462,-2.0075705701851074,8,2024
MARUTI.NS,MARUTI,Maruti Suzuki India Ltd.,2024-07-09,12446.6025390625,23,2024-07-22,12100.181735435117,Stop Loss Hit,-7967.6784834298105,-2.783255933016048,13,2024
TATACONSUM.NS,TATACONSUM,Tata Consumer Products Ltd.,2024-07-03,1128.3685302734375,329,2024-07-23,1196.0706420898437,Target Hit (1:2 RR),22273.994787597625,5.999999999999992,20,2024
NTPC.NS,NTPC,NTPC Ltd.,2024-07-23,360.6953125,1036,2024-07-29,382.33703125,Target Hit (1:2 RR),22420.820624999997,5.999999999999999,6,2024
TITAN.NS,TITAN,Titan Company Ltd.,2024-07-23,3445.143310546875,69,2024-08-05,3368.2662758693186,Stop Loss Hit,-5304.515392751389,-2.2314611540892058,13,2024
SHRIRAMFIN.NS,SHRIRAMFIN,Shriram Finance Ltd.,2024-07-26,568.9754638671875,494,2024-08-05,554.7371389061684,Stop Loss Hit,-7033.732530743429,-2.50244973030026,10,2024
EICHERMOT.NS,EICHERMOT,Eicher Motors Ltd.,2024-08-09,4719.34521484375,79,2024-08-14,4655.676937710002,Stop Loss Hit,-5029.7938935661105,-1.3490913301593723,5,2024
INDIGO.NS,INDIGO,InterGlobe Aviation Ltd.,2024-08-22,4475.58642578125,75,2024-08-28,4775.53408203125,Target Hit (1:2 RR),22496.07421875003,6.701862677082413,6,2024
SBILIFE.NS,SBILIFE,SBI Life Insurance Company Ltd.,2024-08-20,1755.5137939453125,204,2024-09-02,1865.4764404296875,Target Hit (1:2 RR),22432.3798828125,6.263844058852238,13,2024
TMPV.NS,TMPV,Tata Motors Passenger Vehicles Ltd.,2024-08-29,1102.9393310546875,247,2024-09-04,1063.5806225567405,Stop Loss Hit,-9721.6009989929,-3.5685288745945924,6,2024
JIOFIN.NS,JIOFIN,Jio Financial Services Ltd.,2024-09-02,343.55841064453125,628,2024-09-09,332.7299545548196,Stop Loss Hit,-6800.270424338925,-3.1518530049655857,7,2024
CIPLA.NS,CIPLA,Cipla Ltd.,2024-09-27,1639.442138671875,234,2024-10-03,1608.8707723588143,Stop Loss Hit,-7153.699717256206,-1.8647420114397457,6,2024
TECHM.NS,TECHM,Tech Mahindra Ltd.,2024-10-01,1525.9755859375,251,2024-10-04,1512.613996367705,Stop Loss Hit,-3353.7589820185167,-0.8756096554183104,3,2024
WIPRO.NS,WIPRO,Wipro Ltd.,2024-10-14,254.66578674316406,1498,2024-10-15,247.02581314086913,Stop Loss Hit,-11444.680456237806,-3.000000000000003,1,2024
WIPRO.NS,WIPRO,Wipro Ltd.,2024-10-18,254.2487335205078,1485,2024-11-04,253.20481178293466,Stop Loss Hit,-1550.2237802961386,-0.41059073259413276,17,2024
JSWSTEEL.NS,JSWSTEEL,JSW Steel Ltd.,2024-11-05,991.1228637695312,381,2024-11-08,970.6523207328036,Stop Loss Hit,-7799.27689699325,-2.06538904358156,3,2024
SBIN.NS,SBIN,State Bank of India,2024-10-29,801.8554077148438,347,2024-11-12,794.1535645077971,Stop Loss Hit,-2672.5395928451826,-0.9605027456253771,14,2024
LT.NS,LT,Larsen & Toubro Ltd.,2024-10-31,3554.115234375,86,2024-11-13,3499.9531673267543,Stop Loss Hit,-4657.937766149132,-1.5239254632037909,13,2024
EICHERMOT.NS,EICHERMOT,Eicher Motors Ltd.,2024-11-14,4771.22265625,78,2024-11-28,4756.841892766022,Stop Loss Hit,-1121.699551750262,-0.3014062541210443,14,2024
BEL.NS,BEL,Bharat Electronics Ltd.,2024-11-25,288.44561767578125,889,2024-11-29,305.75235473632813,Target Hit (1:2 RR),15385.689246826176,6.000000000000002,4,2024
JIOFIN.NS,JIOFIN,Jio Financial Services Ltd.,2024-11-25,321.9926452636719,1165,2024-12-04,341.3122039794922,Target Hit (1:2 RR),22507.28590393069,6.000000000000007,9,2024
HCLTECH.NS,HCLTECH,HCL Technologies Ltd.,2024-12-30,1791.970947265625,214,2025-01-01,1775.8920666482122,Stop Loss Hit,-3440.8804521263346,-0.897273510039189,2,2025
ADANIENT.NS,ADANIENT,Adani Enterprises Ltd.,2024-12-30,2589.90771484375,90,2025-01-06,2500.1219446249065,Stop Loss Hit,-8080.719319695913,-3.466755579909159,7,2025
BAJAJFINSV.NS,BAJAJFINSV,Bajaj Finserv Ltd.,2025-01-02,1698.37255859375,144,2025-01-15,1655.375309067551,Stop Loss Hit,-6191.603931772668,-2.5316735900279,13,2025
BAJFINANCE.NS,BAJFINANCE,Bajaj Finance Ltd.,2025-01-02,729.9015502929688,283,2025-01-15,705.4820215787818,Stop Loss Hit,-6910.726626114916,-3.345592115044206,13,2025
TCS.NS,TCS,Tata Consultancy Services Ltd.,2025-01-10,3972.7158203125,83,2025-01-16,3907.9325380789583,Stop Loss Hit,-5377.012425383964,-1.630705169050974,6,2025
HDFCLIFE.NS,HDFCLIFE,HDFC Life Insurance Company Ltd.,2025-01-16,637.3603515625,461,2025-01-22,618.749083136414,Stop Loss Hit,-8579.794744425639,-2.9200543115774518,6,2025
WIPRO.NS,WIPRO,Wipro Ltd.,2025-01-20,278.27642822265625,1353,2025-01-23,294.9730139160156,Target Hit (1:2 RR),22590.480443115186,5.999999999999987,3,2025
ONGC.NS,ONGC,Oil & Natural Gas Corporation Ltd.,2025-01-03,240.8031463623047,1011,2025-01-24,241.09704302752834,Stop Loss Hit,297.1295285411161,0.12204851542158356,21,2025
ULTRACEMCO.NS,ULTRACEMCO,UltraTech Cement Ltd.,2025-01-23,11121.9453125,34,2025-01-28,10788.286953125,Stop Loss Hit,-11344.384218750005,-3.0000000000000013,5,2025
LT.NS,LT,Larsen & Toubro Ltd.,2025-01-31,3500.248291015625,107,2025-02-01,3395.2408422851563,Stop Loss Hit,-11235.79701416015,-2.9999999999999987,1,2025
BHARTIARTL.NS,BHARTIARTL,Bharti Airtel Ltd.,2025-02-07,1642.1815185546875,226,2025-02-18,1629.3233350931005,Stop Loss Hit,-2905.9494623186692,-0.7829940427598858,11,2025
KOTAKBANK.NS,KOTAKBANK,Kotak Mahindra Bank Ltd.,2025-01-20,382.9964294433594,251,2025-02-28,386.4512592344883,Stop Loss Hit,867.1622775733613,0.9020527413663154,39,2025
HDFCBANK.NS,HDFCBANK,HDFC Bank Ltd.,2025-02-28,840.7423706054688,441,2025-03-04,826.2504941725572,Stop Loss Hit,-6390.917506914001,-1.7237000226924573,4,2025
BAJAJFINSV.NS,BAJAJFINSV,Bajaj Finserv Ltd.,2025-03-17,1869.0936279296875,197,2025-03-20,1834.1720672002498,Stop Loss Hit,-6879.547463699229,-1.8683687220162848,3,2025
TITAN.NS,TITAN,Titan Company Ltd.,2025-03-20,3173.107421875,115,2025-03-24,3102.431082126774,Stop Loss Hit,-8127.779071045981,-2.2273541469473175,4,2025
CIPLA.NS,CIPLA,Cipla Ltd.,2025-04-03,1466.13671875,248,2025-04-04,1422.1526171875,Stop Loss Hit,-10908.057187499993,-2.9999999999999982,1,2025
TITAN.NS,TITAN,Titan Company Ltd.,2025-04-08,3102.750732421875,116,2025-04-17,3288.9157763671874,Target Hit (1:2 RR),21595.145097656237,5.9999999999999964,9,2025
ADANIENT.NS,ADANIENT,Adani Enterprises Ltd.,2025-05-05,2453.186279296875,123,2025-05-06,2363.688342285156,Stop Loss Hit,-11008.24625244143,-3.6482324137802764,1,2025
JSWSTEEL.NS,JSWSTEEL,JSW Steel Ltd.,2025-05-15,1029.59765625,347,2025-05-21,997.3799438476562,Stop Loss Hit,-11179.546203613281,-3.1291555693402686,6,2025
HCLTECH.NS,HCLTECH,HCL Technologies Ltd.,2025-04-23,1495.8297119140625,125,2025-06-02,1544.5788880409882,Stop Loss Hit,6093.647015865713,3.259005736993036,40,2025
DRREDDY.NS,DRREDDY,Dr. Reddy's Laboratories Ltd.,2025-05-12,1180.5782470703125,311,2025-06-05,1251.4129418945313,Target Hit (1:2 RR),22029.590090332043,6.0000000000000036,24,2025
ETERNAL.NS,ETERNAL,Eternal Ltd.,2025-05-30,238.30999755859375,1544,2025-06-05,252.60859741210936,Target Hit (1:2 RR),22077.038173828103,5.999999999999995,6,2025
BAJAJFINSV.NS,BAJAJFINSV,Bajaj Finserv Ltd.,2025-06-09,2014.698486328125,189,2025-06-11,2002.1724019599715,Stop Loss Hit,-2367.429945581018,-0.6217349371708153,2,2025
SHRIRAMFIN.NS,SHRIRAMFIN,Shriram Finance Ltd.,2025-06-06,677.1956787109375,356,2025-06-13,653.8492975505203,Stop Loss Hit,-8311.31169310852,-3.4475088802778155,7,2025
BAJFINANCE.NS,BAJFINANCE,Bajaj Finance Ltd.,2025-06-06,931.4243774414062,404,2025-06-13,915.3823428610577,Stop Loss Hit,-6480.9819704608,-1.7223120812465187,7,2025
GRASIM.NS,GRASIM,Grasim Industries Ltd.,2025-06-10,2689.80517578125,6,2025-06-13,2622.8449567110565,Stop Loss Hit,-401.76131442116093,-2.4894077709827065,3,2025
TECHM.NS,TECHM,Tech Mahindra Ltd.,2025-06-10,1525.9468994140625,1,2025-06-17,1617.5037133789065,Target Hit (1:2 RR),91.55681396484397,6.000000000000014,7,2025
JSWSTEEL.NS,JSWSTEEL,JSW Steel Ltd.,2025-06-20,997.1221313476562,371,2025-07-03,1056.9494592285157,Target Hit (1:2 RR),22195.938643798858,6.000000000000008,13,2025
HDFCLIFE.NS,HDFCLIFE,HDFC Life Insurance Company Ltd.,2025-06-20,776.18359375,336,2025-07-03,777.8558011727469,Stop Loss Hit,561.861694042942,0.21543967641313613,13,2025
TITAN.NS,TITAN,Titan Company Ltd.,2025-06-20,3496.967041015625,106,2025-07-08,3585.75183574244,Stop Loss Hit,9411.1882410424,2.5389085366108946,18,2025
WIPRO.NS,WIPRO,Wipro Ltd.,2025-07-18,252.32977294921875,1512,2025-07-22,248.16893887041277,Stop Loss Hit,-6291.181127154636,-1.648966758925964,4,2025
ETERNAL.NS,ETERNAL,Eternal Ltd.,2025-07-21,271.70001220703125,1226,2025-07-22,290.213037109375,Target Hit (1:2 RR),22696.968530273465,6.813774041436969,1,2025
CIPLA.NS,CIPLA,Cipla Ltd.,2025-07-25,1518.2564697265625,254,2025-08-01,1499.772920819536,Stop Loss Hit,-4694.821422384728,-1.2174194067722544,7,2025
HINDUNILVR.NS,HINDUNILVR,Hindustan Unilever Ltd.,2025-07-31,2476.34716796875,146,2025-08-01,2624.9279980468755,Target Hit (1:2 RR),21692.801191406317,6.0000000000000195,1,2025
EICHERMOT.NS,EICHERMOT,Eicher Motors Ltd.,2025-08-01,5470.71142578125,71,2025-08-18,5798.954111328125,Target Hit (1:2 RR),23305.23067382811,5.9999999999999964,17,2025
ASIANPAINT.NS,ASIANPAINT,Asian Paints Ltd.,2025-08-01,2406.33447265625,155,2025-08-18,2550.7145410156254,Target Hit (1:2 RR),22378.910595703186,6.000000000000016,17,2025
LT.NS,LT,Larsen & Toubro Ltd.,2025-07-30,3629.64794921875,82,2025-08-19,3578.6444329502065,Stop Loss Hit,-4182.28833402057,-1.4051918252711424,20,2025
BAJFINANCE.NS,BAJFINANCE,Bajaj Finance Ltd.,2025-08-18,899.6695556640625,1,2025-08-20,885.9056140071453,Stop Loss Hit,-13.763941656917154,-1.529888565225233,2,2025
HINDUNILVR.NS,HINDUNILVR,Hindustan Unilever Ltd.,2025-08-18,2522.412841796875,157,2025-08-28,2673.7576123046874,Target Hit (1:2 RR),23761.128969726553,5.999999999999997,10,2025
NESTLEIND.NS,NESTLEIND,Nestle India Ltd.,2025-08-18,1132.511962890625,359,2025-09-04,1200.4626806640626,Target Hit (1:2 RR),24394.307680664115,6.000000000000013,17,2025
JSWSTEEL.NS,JSWSTEEL,JSW Steel Ltd.,2025-09-03,1066.0765380859375,394,2025-09-23,1130.041130371094,Target Hit (1:2 RR),25202.049360351626,6.000000000000015,20,2025
ULTRACEMCO.NS,ULTRACEMCO,UltraTech Cement Ltd.,2025-09-22,12396.9580078125,34,2025-09-24,12299.997438727753,Stop Loss Hit,-3296.659348881414,-0.7821319473990588,2,2025
M&M.NS,M&M,Mahindra & Mahindra Ltd.,2025-09-04,3445.319091796875,70,2025-09-25,3489.2694194870537,Stop Loss Hit,3076.5229383125097,1.2756533290290049,21,2025
TMPV.NS,TMPV,Tata Motors Passenger Vehicles Ltd.,2025-10-01,712.4400634765625,604,2025-10-08,691.2039006215253,Stop Loss Hit,-12826.64236444244,-2.9807648311366712,7,2025
TATASTEEL.NS,TATASTEEL,Tata Steel Ltd.,2025-10-03,169.71011352539062,2536,2025-10-14,167.33657419422593,Stop Loss Hit,-6019.295743833662,-1.3985844932038087,11,2025
TITAN.NS,TITAN,Titan Company Ltd.,2025-10-08,3553.9384765625,119,2025-10-23,3767.1747851562504,Target Hit (1:2 RR),25375.120722656302,6.000000000000012,15,2025
INFY.NS,INFY,Infosys Ltd.,2025-10-23,1473.566162109375,250,2025-11-03,1445.6872594971173,Stop Loss Hit,-6969.725653064415,-1.8919342292951187,11,2025
TATACONSUM.NS,TATACONSUM,Tata Consumer Products Ltd.,2025-10-16,1139.6566162109375,375,2025-11-04,1146.7789248279776,Stop Loss Hit,2670.865731390023,0.6249521580210616,19,2025
JSWSTEEL.NS,JSWSTEEL,JSW Steel Ltd.,2025-10-28,1177.4368896484375,316,2025-11-06,1162.3364141180723,Stop Loss Hit,-4771.750267595404,-1.2824870413966685,9,2025
BEL.NS,BEL,Bharat Electronics Ltd.,2025-10-31,423.7184753417969,2,2025-11-06,410.7386954905313,Stop Loss Hit,-25.959559702531124,-3.063302783952314,6,2025
MAXHEALTH.NS,MAXHEALTH,Max Healthcare Institute Ltd.,2025-11-19,1162.3343505859375,370,2025-12-01,1148.0357394515102,Stop Loss Hit,-5290.486119738118,-1.2301633456173224,12,2025
JSWSTEEL.NS,JSWSTEEL,JSW Steel Ltd.,2025-12-01,1161.7271728515625,368,2025-12-03,1152.7718938235994,Stop Loss Hit,-3295.5426822904265,-0.7708590482549864,2,2025
TCS.NS,TCS,Tata Consultancy Services Ltd.,2026-01-13,3149.446044921875,135,2026-01-16,3116.417444541412,Stop Loss Hit,-4458.861051362519,-1.0487114212900388,3,2026
TECHM.NS,TECHM,Tech Mahindra Ltd.,2026-01-13,1573.89892578125,271,2026-01-19,1668.332861328125,Target Hit (1:2 RR),25591.59653320315,6.000000000000006,6,2026
INFY.NS,INFY,Infosys Ltd.,2026-01-16,1654.00830078125,227,2026-01-21,1597.3004028320313,Stop Loss Hit,-12872.692834472646,-3.428513503978997,5,2026
TATACONSUM.NS,TATACONSUM,Tata Consumer Products Ltd.,2026-01-27,1177.4368896484375,255,2026-01-28,1142.1137829589843,Stop Loss Hit,-9007.392205810565,-3.000000000000006,1,2026
DRREDDY.NS,DRREDDY,Dr. Reddy's Laboratories Ltd.,2026-01-23,1227.8135986328125,350,2026-01-29,1209.1792189092312,Stop Loss Hit,-6522.032903253466,-1.5176880060891142,6,2026
NESTLEIND.NS,NESTLEIND,Nestle India Ltd.,2026-01-30,1318.90478515625,326,2026-02-02,1279.3376416015624,Stop Loss Hit,-12898.888798828164,-3.000000000000009,3,2026
AXISBANK.NS,AXISBANK,Axis Bank Ltd.,2026-01-27,1314.7860107421875,327,2026-02-03,1393.6731713867189,Target Hit (1:2 RR),25796.10153076176,6.00000000000001,7,2026
POWERGRID.NS,POWERGRID,Power Grid Corporation of India Ltd.,2026-02-02,267.39813232421875,1198,2026-02-04,288.4221252441406,Target Hit (1:2 RR),25186.743518066378,7.8624307272387295,2,2026
BHARTIARTL.NS,BHARTIARTL,Bharti Airtel Ltd.,2026-02-06,2013.0650634765625,171,2026-02-10,1989.0602659992455,Stop Loss Hit,-4104.820368621202,-1.1924501553795133,4,2026
ADANIENT.NS,ADANIENT,Adani Enterprises Ltd.,2026-02-03,2201.61572265625,130,2026-02-13,2161.845996673038,Stop Loss Hit,-5170.064377817571,-1.8063881709215766,10,2026
ADANIPORTS.NS,ADANIPORTS,Adani Ports and Special Economic Zone Ltd.,2026-02-03,1524.3756103515625,117,2026-02-19,1502.9141471705236,Stop Loss Hit,-2510.991192181549,-1.4078854998269936,16,2026
SUNPHARMA.NS,SUNPHARMA,Sun Pharmaceutical Industries Ltd.,2026-02-03,1686.6943359375,220,2026-03-02,1713.00581827464,Stop Loss Hit,5788.526114170795,1.5599437181079705,27,2026
HINDALCO.NS,HINDALCO,Hindalco Industries Ltd.,2026-03-05,949.994140625,458,2026-03-09,930.7496220790548,Stop Loss Hit,-8813.9894940429,-2.0257512886641864,4,2026
SHRIRAMFIN.NS,SHRIRAMFIN,Shriram Finance Ltd.,2026-03-10,1056.92138671875,409,2026-03-11,1025.2137451171875,Stop Loss Hit,-12968.425415039062,-3.0,1,2026
ONGC.NS,ONGC,Oil & Natural Gas Corporation Ltd.,2026-03-27,281.95001220703125,1229,2026-04-08,275.91186724175424,Stop Loss Hit,-7420.8801623254485,-2.141565775440826,12,2026
ASIANPAINT.NS,ASIANPAINT,Asian Paints Ltd.,2026-04-08,2262.76806640625,188,2026-04-15,2398.5341503906247,Target Hit (1:2 RR),25524.023789062452,5.9999999999999885,7,2026
TRENT.NS,TRENT,Trent Ltd.,2026-04-06,2551.96240234375,71,2026-04-21,2910.3995849609373,Target Hit (1:2 RR),25449.0399658203,14.045551074263269,15,2026
SUNPHARMA.NS,SUNPHARMA,Sun Pharmaceutical Industries Ltd.,2026-04-27,1728.96875,256,2026-05-04,1832.7068750000003,Target Hit (1:2 RR),26556.96000000008,6.000000000000018,7,2026
DRREDDY.NS,DRREDDY,Dr. Reddy's Laboratories Ltd.,2026-04-23,1322.6124267578125,142,2026-05-05,1275.6194865610642,Stop Loss Hit,-6672.997507938266,-3.5530393670914275,12,2026
TITAN.NS,TITAN,Titan Company Ltd.,2026-05-08,4494.2529296875,101,2026-05-11,4359.425341796875,Stop Loss Hit,-13617.586376953142,-3.000000000000004,3,2026
M&M.NS,M&M,Mahindra & Mahindra Ltd.,2026-05-05,3177.43212890625,141,2026-05-12,3161.2989183152577,Stop Loss Hit,-2274.782693329921,-0.5077436727671598,7,2026
CIPLA.NS,CIPLA,Cipla Ltd.,2026-05-13,1315.2608642578125,338,2026-05-14,1394.1765161132812,Target Hit (1:2 RR),26673.490327148418,5.999999999999996,1,2026
ONGC.NS,ONGC,Oil & Natural Gas Corporation Ltd.,2026-05-12,294.5,1508,2026-05-22,292.48833088433514,Stop Loss Hit,-3033.5970264226066,-0.6830794959812763,10,2026
BHARTIARTL.NS,BHARTIARTL,Bharti Airtel Ltd.,2026-05-14,1860.09033203125,245,2026-05-26,1839.215284349295,Stop Loss Hit,-5114.386682078984,-1.1222598882689279,12,2026
TMPV.NS,TMPV,Tata Motors Passenger Vehicles Ltd.,2026-05-15,353.61663818359375,910,2026-05-26,374.8336364746094,Target Hit (1:2 RR),19307.46844482426,6.000000000000013,11,2026
EICHERMOT.NS,EICHERMOT,Eicher Motors Ltd.,2026-05-25,7337.166015625,46,2026-05-29,7066.392664738396,Stop Loss Hit,-12455.574140783785,-3.6904351122759596,4,2026
TCS.NS,TCS,Tata Consultancy Services Ltd.,2026-06-02,2433.556884765625,94,2026-06-03,2289.456896972656,Stop Loss Hit,-13545.39885253908,-5.921373307320374,1,2026
COALINDIA.NS,COALINDIA,Coal India Ltd.,2026-06-01,466.3696594238281,970,2026-06-08,459.61947935805784,Stop Loss Hit,-6547.674663797172,-1.4473883387074804,7,2026
TRENT.NS,TRENT,Trent Ltd.,2026-06-15,2901.10009765625,122,2026-06-18,3119.6287353515627,Target Hit (1:2 RR),26660.493798828145,7.532612813734289,3,2026
BEL.NS,BEL,Bharat Electronics Ltd.,2026-06-17,419.28082275390625,961,2026-06-24,417.2413171492582,Stop Loss Hit,-1959.9648860667958,-0.486429498790872,7,2026
BAJAJFINSV.NS,BAJAJFINSV,Bajaj Finserv Ltd.,2026-06-15,1748.707763671875,254,2026-07-01,1755.3208477577577,Stop Loss Hit,1679.7233578142177,0.3781697676000949,16,2026
CIPLA.NS,CIPLA,Cipla Ltd.,2026-06-22,1415.699951171875,267,2026-07-09,1428.1126828682227,Stop Loss Hit,3314.1993629248336,0.8767911368558567,17,2026
MARUTI.NS,MARUTI,Maruti Suzuki India Ltd.,2026-06-25,13608.3310546875,29,2026-07-09,13720.077236918449,Stop Loss Hit,3240.639284697514,0.8211600804086618,14,2026
HCLTECH.NS,HCLTECH,HCL Technologies Ltd.,2026-07-03,1127.4891357421875,400,2026-07-09,1114.8034554473354,Stop Loss Hit,-5074.272117940836,-1.125126610333282,6,2026
JIOFIN.NS,JIOFIN,Jio Financial Services Ltd.,2026-07-10,241.39468383789062,1885,2026-07-14,238.0795373846916,Stop Loss Hit,-6249.051064280153,-1.373330348660585,4,2026
JIOFIN.NS,JIOFIN,Jio Financial Services Ltd.,2026-07-17,242.41229248046875,1892,2026-07-21,237.93355492371035,Stop Loss Hit,-8473.7714573869,-1.8475703154035628,4,2026
TCS.NS,TCS,Tata Consultancy Services Ltd.,2026-07-13,2169.604248046875,170,2026-07-28,2329.6369262695316,Target Hit (1:2 RR),27205.555297851624,7.376123012605709,15,2026
ITC.NS,ITC,ITC Ltd.,2026-08-03,287.0,1619,2026-08-06,284.62038936909016,Stop Loss Hit,-3852.589611443027,-0.8291326240103964,3,2026
JIOFIN.NS,JIOFIN,Jio Financial Services Ltd.,2026-07-29,248.8970947265625,1226,2026-08-12,249.3931517039088,Stop Loss Hit,608.1658542265803,0.19930203600459057,14,2026
APOLLOHOSP.NS,APOLLOHOSP,Apollo Hospitals Enterprise Ltd.,2026-08-14,8920.5,51,2026-08-18,8824.855262699015,Stop Loss Hit,-4877.881602350239,-1.0721903178183405,4,2026
WIPRO.NS,WIPRO,Wipro Ltd.,2026-08-31,184.5,2475,2026-09-01,178.965,Stop Loss Hit,-13699.12499999999,-2.9999999999999982,1,2026
